Air Force,http://a.espncdn.com/i/teamlogos/ncaa/500/2005.png,#003087
Akron,http://a.espncdn.com/i/teamlogos/ncaa/500/2006.png,#041E42
Alabama,http://a.espncdn.com/i/teamlogos/ncaa/500/333.png,#9E1B32
Appalachian State,http://a.espncdn.com/i/teamlogos/ncaa/500/2026.png,#000000
Arizona,http://a.espncdn.com/i/teamlogos/ncaa/500/12.png,#0C234B
Arizona State,http://a.espncdn.com/i/teamlogos/ncaa/500/9.png,#8C1D40
Arkansas,http://a.espncdn.com/i/teamlogos/ncaa/500/8.png,#9D2235
Arkansas State,http://a.espncdn.com/i/teamlogos/ncaa/500/2032.png,#CC092F
Army,http://a.espncdn.com/i/teamlogos/ncaa/500/349.png,#D4BF91
Auburn,http://a.espncdn.com/i/teamlogos/ncaa/500/2.png,#03244d
Ball State,http://a.espncdn.com/i/teamlogos/ncaa/500/2050.png,#BA0C2F
Baylor,http://a.espncdn.com/i/teamlogos/ncaa/500/239.png,#154734
Boise State,http://a.espncdn.com/i/teamlogos/ncaa/500/68.png,#0033A0
Boston College,http://a.espncdn.com/i/teamlogos/ncaa/500/103.png,#8a100b
Bowling Green,http://a.espncdn.com/i/teamlogos/ncaa/500/189.png,#FF7300
Buffalo,http://a.espncdn.com/i/teamlogos/ncaa/500/2084.png,#005bbb
BYU,http://a.espncdn.com/i/teamlogos/ncaa/500/252.png,#002E5D
California,http://a.espncdn.com/i/teamlogos/ncaa/500/25.png,#FDB515
Central Michigan,http://a.espncdn.com/i/teamlogos/ncaa/500/2117.png,#6A0032
Charlotte,http://a.espncdn.com/i/teamlogos/ncaa/500/2429.png,#005035
Cincinnati,http://a.espncdn.com/i/teamlogos/ncaa/500/2132.png,#000000
Clemson,http://a.espncdn.com/i/teamlogos/ncaa/500/228.png,#F56600
Coastal Carolina,http://a.espncdn.com/i/teamlogos/ncaa/500/324.png,#006F71
Colorado,http://a.espncdn.com/i/teamlogos/ncaa/500/38.png,#000000
Colorado State,http://a.espncdn.com/i/teamlogos/ncaa/500/36.png,#1E4D2B
Connecticut,http://a.espncdn.com/i/teamlogos/ncaa/500/41.png,#000E2F
Duke,http://a.espncdn.com/i/teamlogos/ncaa/500/150.png,#00539B
East Carolina,http://a.espncdn.com/i/teamlogos/ncaa/500/151.png,#592A8A
Eastern Michigan,http://a.espncdn.com/i/teamlogos/ncaa/500/2199.png,#046A38
Florida,http://a.espncdn.com/i/teamlogos/ncaa/500/57.png,#0021A5
Florida Atlantic,http://a.espncdn.com/i/teamlogos/ncaa/500/2226.png,#003366
Florida International,http://a.espncdn.com/i/teamlogos/ncaa/500/2229.png,#081E3F
Florida State,http://a.espncdn.com/i/teamlogos/ncaa/500/52.png,#782F40
Fresno State,http://a.espncdn.com/i/teamlogos/ncaa/500/278.png,#b1102b
Georgia,http://a.espncdn.com/i/teamlogos/ncaa/500/61.png,#BA0C2F
Georgia Southern,http://a.espncdn.com/i/teamlogos/ncaa/500/290.png,#041E42
Georgia State,http://a.espncdn.com/i/teamlogos/ncaa/500/2247.png,#0039A6
Georgia Tech,http://a.espncdn.com/i/teamlogos/ncaa/500/59.png,#003057
Hawai'i,http://a.espncdn.com/i/teamlogos/ncaa/500/62.png,#004730
Houston,http://a.espncdn.com/i/teamlogos/ncaa/500/248.png,#C8102E
Illinois,http://a.espncdn.com/i/teamlogos/ncaa/500/356.png,#FF5F05
Indiana,http://a.espncdn.com/i/teamlogos/ncaa/500/84.png,#990000
Iowa,http://a.espncdn.com/i/teamlogos/ncaa/500/2294.png,#FFCD00
Iowa State,http://a.espncdn.com/i/teamlogos/ncaa/500/66.png,#C8102E
Kansas,http://a.espncdn.com/i/teamlogos/ncaa/500/2305.png,#0051BA
Kansas State,http://a.espncdn.com/i/teamlogos/ncaa/500/2306.png,#512888
Kent State,http://a.espncdn.com/i/teamlogos/ncaa/500/2309.png,#003976
Kentucky,http://a.espncdn.com/i/teamlogos/ncaa/500/96.png,#0033a0
Liberty,http://a.espncdn.com/i/teamlogos/ncaa/500/2335.png,#0A254E
Louisiana,http://a.espncdn.com/i/teamlogos/ncaa/500/309.png,#CE181E
Louisiana Monroe,http://a.espncdn.com/i/teamlogos/ncaa/500/2433.png,#ECAA1F
Louisiana Tech,http://a.espncdn.com/i/teamlogos/ncaa/500/2348.png,#003087
Louisville,http://a.espncdn.com/i/teamlogos/ncaa/500/97.png,#AD0000
LSU,http://a.espncdn.com/i/teamlogos/ncaa/500/99.png,#461D7C
Marshall,http://a.espncdn.com/i/teamlogos/ncaa/500/276.png,#00B140
Maryland,http://a.espncdn.com/i/teamlogos/ncaa/500/120.png,#E21833
Memphis,http://a.espncdn.com/i/teamlogos/ncaa/500/235.png,#003087
Miami,http://a.espncdn.com/i/teamlogos/ncaa/500/2390.png,#F47321
Miami (OH),http://a.espncdn.com/i/teamlogos/ncaa/500/193.png,#C41230
Michigan,http://a.espncdn.com/i/teamlogos/ncaa/500/130.png,#00274C
Michigan State,http://a.espncdn.com/i/teamlogos/ncaa/500/127.png,#18453B
Middle Tennessee,http://a.espncdn.com/i/teamlogos/ncaa/500/2393.png,#0066cc
Minnesota,http://a.espncdn.com/i/teamlogos/ncaa/500/135.png,#7A0019
Mississippi State,http://a.espncdn.com/i/teamlogos/ncaa/500/344.png,#5D1725
Missouri,http://a.espncdn.com/i/teamlogos/ncaa/500/142.png,#000000
Navy,http://a.espncdn.com/i/teamlogos/ncaa/500/2426.png,#00205B
NC State,http://a.espncdn.com/i/teamlogos/ncaa/500/152.png,#CC0000
Nebraska,http://a.espncdn.com/i/teamlogos/ncaa/500/158.png,#d00000
Nevada,http://a.espncdn.com/i/teamlogos/ncaa/500/2440.png,#041E42
New Mexico,http://a.espncdn.com/i/teamlogos/ncaa/500/167.png,#ba0c2f
New Mexico State,http://a.espncdn.com/i/teamlogos/ncaa/500/166.png,#882345
North Carolina,http://a.espncdn.com/i/teamlogos/ncaa/500/153.png,#4B9CD3
Northern Illinois,http://a.espncdn.com/i/teamlogos/ncaa/500/2459.png,#C8102E
North Texas,http://a.espncdn.com/i/teamlogos/ncaa/500/249.png,#00853E
Northwestern,http://a.espncdn.com/i/teamlogos/ncaa/500/77.png,#4E2A84
Notre Dame,http://a.espncdn.com/i/teamlogos/ncaa/500/87.png,#0C2340
Ohio,http://a.espncdn.com/i/teamlogos/ncaa/500/195.png,#024230
Ohio State,http://a.espncdn.com/i/teamlogos/ncaa/500/194.png,#BB0000
Oklahoma,http://a.espncdn.com/i/teamlogos/ncaa/500/201.png,#841617
Oklahoma State,http://a.espncdn.com/i/teamlogos/ncaa/500/197.png,#FE5C00
Old Dominion,http://a.espncdn.com/i/teamlogos/ncaa/500/295.png,#003057
Ole Miss,http://a.espncdn.com/i/teamlogos/ncaa/500/145.png,#162b48
Oregon,http://a.espncdn.com/i/teamlogos/ncaa/500/2483.png,#007030
Oregon State,http://a.espncdn.com/i/teamlogos/ncaa/500/204.png,#DC4405
Penn State,http://a.espncdn.com/i/teamlogos/ncaa/500/213.png,#001E44
Pittsburgh,http://a.espncdn.com/i/teamlogos/ncaa/500/221.png,#003594
Purdue,http://a.espncdn.com/i/teamlogos/ncaa/500/2509.png,#000000
Rice,http://a.espncdn.com/i/teamlogos/ncaa/500/242.png,#00205B
Rutgers,http://a.espncdn.com/i/teamlogos/ncaa/500/164.png,#CC0033
San Diego State,http://a.espncdn.com/i/teamlogos/ncaa/500/21.png,#000000
San José State,http://a.espncdn.com/i/teamlogos/ncaa/500/23.png,#0055A2
SMU,http://a.espncdn.com/i/teamlogos/ncaa/500/2567.png,#0033A0
South Alabama,http://a.espncdn.com/i/teamlogos/ncaa/500/6.png,#00205B
South Carolina,http://a.espncdn.com/i/teamlogos/ncaa/500/2579.png,#73000A
Southern Mississippi,http://a.espncdn.com/i/teamlogos/ncaa/500/2572.png,#FFAB00
South Florida,http://a.espncdn.com/i/teamlogos/ncaa/500/58.png,#006747
Stanford,http://a.espncdn.com/i/teamlogos/ncaa/500/24.png,#8C1515
Syracuse,http://a.espncdn.com/i/teamlogos/ncaa/500/183.png,#D44500
TCU,http://a.espncdn.com/i/teamlogos/ncaa/500/2628.png,#4D1979
Temple,http://a.espncdn.com/i/teamlogos/ncaa/500/218.png,#9E1B34
Tennessee,http://a.espncdn.com/i/teamlogos/ncaa/500/2633.png,#FF8200
Texas,http://a.espncdn.com/i/teamlogos/ncaa/500/251.png,#BF5700
Texas A&M,http://a.espncdn.com/i/teamlogos/ncaa/500/245.png,#500000
Texas State,http://a.espncdn.com/i/teamlogos/ncaa/500/326.png,#501214
Texas Tech,http://a.espncdn.com/i/teamlogos/ncaa/500/2641.png,#000000
Toledo,http://a.espncdn.com/i/teamlogos/ncaa/500/2649.png,#15397F
Troy,http://a.espncdn.com/i/teamlogos/ncaa/500/2653.png,#9E0531
Tulane,http://a.espncdn.com/i/teamlogos/ncaa/500/2655.png,#006747
Tulsa,http://a.espncdn.com/i/teamlogos/ncaa/500/202.png,#002D72
UAB,http://a.espncdn.com/i/teamlogos/ncaa/500/5.png,#006341
UCF,http://a.espncdn.com/i/teamlogos/ncaa/500/2116.png,#000000
UCLA,http://a.espncdn.com/i/teamlogos/ncaa/500/26.png,#2774AE
UMass,http://a.espncdn.com/i/teamlogos/ncaa/500/113.png,#572932
UNLV,http://a.espncdn.com/i/teamlogos/ncaa/500/2439.png,#CF0A2C
USC,http://a.espncdn.com/i/teamlogos/ncaa/500/30.png,#990000
Utah,http://a.espncdn.com/i/teamlogos/ncaa/500/254.png,#CC0000
Utah State,http://a.espncdn.com/i/teamlogos/ncaa/500/328.png,#0F2439
UTEP,http://a.espncdn.com/i/teamlogos/ncaa/500/2638.png,#FF8200
UT San Antonio,http://a.espncdn.com/i/teamlogos/ncaa/500/2636.png,#F15A22
Vanderbilt,http://a.espncdn.com/i/teamlogos/ncaa/500/238.png,#000000
Virginia,http://a.espncdn.com/i/teamlogos/ncaa/500/258.png,#E57200
Virginia Tech,http://a.espncdn.com/i/teamlogos/ncaa/500/259.png,#630031
Wake Forest,http://a.espncdn.com/i/teamlogos/ncaa/500/154.png,#000000
Washington,http://a.espncdn.com/i/teamlogos/ncaa/500/264.png,#4B2E83
Washington State,http://a.espncdn.com/i/teamlogos/ncaa/500/265.png,#981E32
Western Kentucky,http://a.espncdn.com/i/teamlogos/ncaa/500/98.png,#C60C30
Western Michigan,http://a.espncdn.com/i/teamlogos/ncaa/500/2711.png,#532E1F
West Virginia,http://a.espncdn.com/i/teamlogos/ncaa/500/277.png,#002855
Wisconsin,http://a.espncdn.com/i/teamlogos/ncaa/500/275.png,#C5050C
Wyoming,http://a.espncdn.com/i/teamlogos/ncaa/500/2751.png,#492F24
Abilene Christian,http://a.espncdn.com/i/teamlogos/ncaa/500/2000.png,#4E2683
Alabama A&M,http://a.espncdn.com/i/teamlogos/ncaa/500/2010.png,#660000
Alabama State,http://a.espncdn.com/i/teamlogos/ncaa/500/2011.png,#C99700
Albany,http://a.espncdn.com/i/teamlogos/ncaa/500/399.png,#46166B
Alcorn State,http://a.espncdn.com/i/teamlogos/ncaa/500/2016.png,#46166A
Alderson-Broaddus,http://a.espncdn.com/i/teamlogos/ncaa/500/2017.png,#003865
American International,http://a.espncdn.com/i/teamlogos/ncaa/500/2022.png,#FFB60F
Amherst College,http://a.espncdn.com/i/teamlogos/ncaa/500/7.png,#3F1F69
Anderson (IN),http://a.espncdn.com/i/teamlogos/ncaa/500/2023.png,#FE5000
Arkansas-Pine Bluff,http://a.espncdn.com/i/teamlogos/ncaa/500/2029.png,#000000
Arkansas Tech,http://a.espncdn.com/i/teamlogos/ncaa/500/2033.png,#115740
Austin Peay,http://a.espncdn.com/i/teamlogos/ncaa/500/2046.png,#BA0C2F
Bemidji State,http://a.espncdn.com/i/teamlogos/ncaa/500/132.png,#004D44
Benedict College,http://a.espncdn.com/i/teamlogos/ncaa/500/490.png,#FFC301
Bentley,http://a.espncdn.com/i/teamlogos/ncaa/500/2060.png,#1B5FAA
Bethel (TN),http://a.espncdn.com/i/teamlogos/ncaa/500/2064.png,#5F249F
Bethune-Cookman,http://a.espncdn.com/i/teamlogos/ncaa/500/2065.png,#6F263D
Bloomsburg,http://a.espncdn.com/i/teamlogos/ncaa/500/2071.png,#6E121E
Bridgewater (VA),http://a.espncdn.com/i/teamlogos/ncaa/500/2079.png,#9D2235
Brown,http://a.espncdn.com/i/teamlogos/ncaa/500/225.png,#381C00
Bryant,http://a.espncdn.com/i/teamlogos/ncaa/500/2803.png,#B09863
Bucknell,http://a.espncdn.com/i/teamlogos/ncaa/500/2083.png,#EF5B0C
Butler,http://a.espncdn.com/i/teamlogos/ncaa/500/2086.png,#13294B
California (PA),http://a.espncdn.com/i/teamlogos/ncaa/500/2858.png,#DA291C
Cal Poly,http://a.espncdn.com/i/teamlogos/ncaa/500/13.png,#003831
Campbell,http://a.espncdn.com/i/teamlogos/ncaa/500/2097.png,#E87722
Carroll (WI),http://a.espncdn.com/i/teamlogos/ncaa/500/32.png,#E35205
Central Arkansas,http://a.espncdn.com/i/teamlogos/ncaa/500/2110.png,#4F2D7F
Central Connecticut,http://a.espncdn.com/i/teamlogos/ncaa/500/2115.png,#1A4784
Central Washington,http://a.espncdn.com/i/teamlogos/ncaa/500/2120.png,#AB0032
Charleston Southern,http://a.espncdn.com/i/teamlogos/ncaa/500/2127.png,#002855
Chattanooga,http://a.espncdn.com/i/teamlogos/ncaa/500/236.png,#00386B
Claremont,http://a.espncdn.com/i/teamlogos/ncaa/500/17.png,#862633
Clarion,http://a.espncdn.com/i/teamlogos/ncaa/500/2134.png,#003366
Colby,http://a.espncdn.com/i/teamlogos/ncaa/500/33.png,#002878
Colgate,http://a.espncdn.com/i/teamlogos/ncaa/500/2142.png,#862633
Colorado College,http://a.espncdn.com/i/teamlogos/ncaa/500/2144.png,#EFAB1E
Columbia,http://a.espncdn.com/i/teamlogos/ncaa/500/171.png,#99CAEA
Concord,http://a.espncdn.com/i/teamlogos/ncaa/500/2148.png,#862633
Cornell,http://a.espncdn.com/i/teamlogos/ncaa/500/172.png,#B31B1B
Dakota State,http://a.espncdn.com/i/teamlogos/ncaa/500/512.png,#004165
Dartmouth,http://a.espncdn.com/i/teamlogos/ncaa/500/159.png,#005F2F
Davidson,http://a.espncdn.com/i/teamlogos/ncaa/500/2166.png,#BF0C26
Dayton,http://a.espncdn.com/i/teamlogos/ncaa/500/2168.png,#CE1141
Delaware,http://a.espncdn.com/i/teamlogos/ncaa/500/48.png,#00539F
Delaware State,http://a.espncdn.com/i/teamlogos/ncaa/500/2169.png,#EE3124
Delta State,http://a.espncdn.com/i/teamlogos/ncaa/500/2170.png,#00753E
Drake,http://a.espncdn.com/i/teamlogos/ncaa/500/2181.png,#003B73
Duquesne,http://a.espncdn.com/i/teamlogos/ncaa/500/2184.png,#091F40
Eastern Illinois,http://a.espncdn.com/i/teamlogos/ncaa/500/2197.png,#003399
Eastern Kentucky,http://a.espncdn.com/i/teamlogos/ncaa/500/2198.png,#4C151E
Eastern Washington,http://a.espncdn.com/i/teamlogos/ncaa/500/331.png,#A10022
East Stroudsburg,http://a.espncdn.com/i/teamlogos/ncaa/500/2188.png,#DB0436
East Tennessee State,http://a.espncdn.com/i/teamlogos/ncaa/500/2193.png,#041E42
Edinboro,http://a.espncdn.com/i/teamlogos/ncaa/500/2205.png,#BB131A
Elon,http://a.espncdn.com/i/teamlogos/ncaa/500/2210.png,#73000A
Ferris State,http://a.espncdn.com/i/teamlogos/ncaa/500/2222.png,#BA0C2F
Florida A&M,http://a.espncdn.com/i/teamlogos/ncaa/500/50.png,#F4811F
Florida Tech,http://a.espncdn.com/i/teamlogos/ncaa/500/53.png,#770000
Fordham,http://a.espncdn.com/i/teamlogos/ncaa/500/2230.png,#95003A
Furman,http://a.espncdn.com/i/teamlogos/ncaa/500/231.png,#582C83
Gannon,http://a.espncdn.com/i/teamlogos/ncaa/500/367.png,#960A2C
Gardner-Webb,http://a.espncdn.com/i/teamlogos/ncaa/500/2241.png,#A6192E
George Mason,http://a.espncdn.com/i/teamlogos/ncaa/500/2244.png,#215732
Georgetown,http://a.espncdn.com/i/teamlogos/ncaa/500/46.png,#00205C
Graceland University,http://a.espncdn.com/i/teamlogos/ncaa/500/530.png,#00275C
Grambling,http://a.espncdn.com/i/teamlogos/ncaa/500/2755.png,#000000
Grand Valley State,http://a.espncdn.com/i/teamlogos/ncaa/500/125.png,#0033A0
Hampton,http://a.espncdn.com/i/teamlogos/ncaa/500/2261.png,#265198
Harding University,http://a.espncdn.com/i/teamlogos/ncaa/500/2264.png,#000000
Harvard,http://a.espncdn.com/i/teamlogos/ncaa/500/108.png,#A51C30
Henderson State,http://a.espncdn.com/i/teamlogos/ncaa/500/2271.png,#A91D36
Holy Cross,http://a.espncdn.com/i/teamlogos/ncaa/500/107.png,#602D89
Houston Christian,http://a.espncdn.com/i/teamlogos/ncaa/500/2277.png,#00529C
Howard,http://a.espncdn.com/i/teamlogos/ncaa/500/47.png,#003A63
Idaho,http://a.espncdn.com/i/teamlogos/ncaa/500/70.png,#B3A369
Idaho State,http://a.espncdn.com/i/teamlogos/ncaa/500/304.png,#F47920
Illinois State,http://a.espncdn.com/i/teamlogos/ncaa/500/2287.png,#CE1126
Incarnate Word,http://a.espncdn.com/i/teamlogos/ncaa/500/2916.png,#CB333B
Indiana (PA),http://a.espncdn.com/i/teamlogos/ncaa/500/2291.png,#9E1B32
Indiana State,http://a.espncdn.com/i/teamlogos/ncaa/500/282.png,#0142BC
Jackson State,http://a.espncdn.com/i/teamlogos/ncaa/500/2296.png,#002147
Jacksonville,http://a.espncdn.com/i/teamlogos/ncaa/500/294.png,#084E44
Jacksonville State,http://a.espncdn.com/i/teamlogos/ncaa/500/55.png,#CC0000
James Madison,http://a.espncdn.com/i/teamlogos/ncaa/500/256.png,#450084
Kennesaw State,http://a.espncdn.com/i/teamlogos/ncaa/500/338.png,#0B1315
Kentucky State,http://a.espncdn.com/i/teamlogos/ncaa/500/2310.png,#056839
Kutztown,http://a.espncdn.com/i/teamlogos/ncaa/500/2315.png,#782F40
Lafayette,http://a.espncdn.com/i/teamlogos/ncaa/500/322.png,#910029
Lamar,http://a.espncdn.com/i/teamlogos/ncaa/500/2320.png,#E31937
Long Island University,http://a.espncdn.com/i/teamlogos/ncaa/500/2341.png,#69B3E7
Lehigh,http://a.espncdn.com/i/teamlogos/ncaa/500/2329.png,#4B2913
Lenoir-Rhyne,http://a.espncdn.com/i/teamlogos/ncaa/500/2331.png,#000000
Lock Haven,http://a.espncdn.com/i/teamlogos/ncaa/500/209.png,#7A0026
Maine,http://a.espncdn.com/i/teamlogos/ncaa/500/311.png,#000000
Marist,http://a.espncdn.com/i/teamlogos/ncaa/500/2368.png,#C8102E
Mars Hill,http://a.espncdn.com/i/teamlogos/ncaa/500/2369.png,#002D72
McKendree,http://a.espncdn.com/i/teamlogos/ncaa/500/2816.png,#470A68
McNeese,http://a.espncdn.com/i/teamlogos/ncaa/500/2377.png,#00529B
Mercer,http://a.espncdn.com/i/teamlogos/ncaa/500/2382.png,#CB5307
Mercyhurst,http://a.espncdn.com/i/teamlogos/ncaa/500/2385.png,#0F4F44
Merrimack,http://a.espncdn.com/i/teamlogos/ncaa/500/2771.png,#0B335E
Michigan Tech,http://a.espncdn.com/i/teamlogos/ncaa/500/2392.png,#FFCD00
Millersville,http://a.espncdn.com/i/teamlogos/ncaa/500/210.png,#EEB111
Minnesota-Duluth,http://a.espncdn.com/i/teamlogos/ncaa/500/134.png,#7A0019
Minnesota State Mankato,http://a.espncdn.com/i/teamlogos/ncaa/500/2364.png,#480059
Minnesota St-Moorhead,http://a.espncdn.com/i/teamlogos/ncaa/500/2817.png,#A6192E
Mississippi Valley State,http://a.espncdn.com/i/teamlogos/ncaa/500/2400.png,#046A38
Missouri Baptist,http://a.espncdn.com/i/teamlogos/ncaa/500/2880.png,#002144
Missouri State,http://a.espncdn.com/i/teamlogos/ncaa/500/2623.png,#5E0009
Monmouth,http://a.espncdn.com/i/teamlogos/ncaa/500/2405.png,#041E42
Montana,http://a.espncdn.com/i/teamlogos/ncaa/500/149.png,#660033
Montana State,http://a.espncdn.com/i/teamlogos/ncaa/500/147.png,#00205B
Montana-Western,http://a.espncdn.com/i/teamlogos/ncaa/500/2701.png,#CD262D
Morehead State,http://a.espncdn.com/i/teamlogos/ncaa/500/2413.png,#005EB8
Morehouse,http://a.espncdn.com/i/teamlogos/ncaa/500/60.png,#891E31
Morgan State,http://a.espncdn.com/i/teamlogos/ncaa/500/2415.png,#002D74
Murray State,http://a.espncdn.com/i/teamlogos/ncaa/500/93.png,#002144
Nebraska-Omaha,http://a.espncdn.com/i/teamlogos/ncaa/500/2437.png,#D71920
New Hampshire,http://a.espncdn.com/i/teamlogos/ncaa/500/160.png,#001D52
New Haven,http://a.espncdn.com/i/teamlogos/ncaa/500/2441.png,#004B8D
New Mexico Highlands,http://a.espncdn.com/i/teamlogos/ncaa/500/2424.png,#4E2683
Nicholls,http://a.espncdn.com/i/teamlogos/ncaa/500/2447.png,#C41230
Norfolk State,http://a.espncdn.com/i/teamlogos/ncaa/500/2450.png,#007A53
North Alabama,http://a.espncdn.com/i/teamlogos/ncaa/500/2453.png,#46166B
North Carolina A&T,http://a.espncdn.com/i/teamlogos/ncaa/500/2448.png,#004684
North Carolina Central,http://a.espncdn.com/i/teamlogos/ncaa/500/2428.png,#862633
North Dakota,http://a.espncdn.com/i/teamlogos/ncaa/500/155.png,#009A44
North Dakota State,http://a.espncdn.com/i/teamlogos/ncaa/500/2449.png,#005643
Northern Arizona,http://a.espncdn.com/i/teamlogos/ncaa/500/2464.png,#003466
Northern Colorado,http://a.espncdn.com/i/teamlogos/ncaa/500/2458.png,#013C65
Northern Iowa,http://a.espncdn.com/i/teamlogos/ncaa/500/2460.png,#4B116F
Northern Michigan,http://a.espncdn.com/i/teamlogos/ncaa/500/128.png,#095339
Northwestern State,http://a.espncdn.com/i/teamlogos/ncaa/500/2466.png,#492F92
Northwest Missouri State,http://a.espncdn.com/i/teamlogos/ncaa/500/138.png,#006A4E
Notre Dame College,http://a.espncdn.com/i/teamlogos/ncaa/500/587.png,#0068B3
Pennsylvania,http://a.espncdn.com/i/teamlogos/ncaa/500/219.png,#011F5b
Portland State,http://a.espncdn.com/i/teamlogos/ncaa/500/2502.png,#154734
Prairie View,http://a.espncdn.com/i/teamlogos/ncaa/500/2504.png,#330066
Presbyterian College,http://a.espncdn.com/i/teamlogos/ncaa/500/2506.png,#0060A9
Princeton,http://a.espncdn.com/i/teamlogos/ncaa/500/163.png,#FF6000
Redlands,http://a.espncdn.com/i/teamlogos/ncaa/500/29.png,#7A2426
Rhode Island,http://a.espncdn.com/i/teamlogos/ncaa/500/227.png,#75B2DD
Richmond,http://a.espncdn.com/i/teamlogos/ncaa/500/257.png,#C32032
Robert Morris,http://a.espncdn.com/i/teamlogos/ncaa/500/2523.png,#14234B
Rowan,http://a.espncdn.com/i/teamlogos/ncaa/500/2827.png,#57150B
Sacramento State,http://a.espncdn.com/i/teamlogos/ncaa/500/16.png,#043927
Sacred Heart,http://a.espncdn.com/i/teamlogos/ncaa/500/2529.png,#CD1041
Saginaw Valley,http://a.espncdn.com/i/teamlogos/ncaa/500/129.png,#AC162A
Samford,http://a.espncdn.com/i/teamlogos/ncaa/500/2535.png,#002649
Sam Houston State,http://a.espncdn.com/i/teamlogos/ncaa/500/2534.png,#012169
San Diego,http://a.espncdn.com/i/teamlogos/ncaa/500/301.png,#75BEE9
Savannah State,http://a.espncdn.com/i/teamlogos/ncaa/500/2542.png,#ED7800
Seton Hill College,http://a.espncdn.com/i/teamlogos/ncaa/500/611.png,#BF0033
Shenandoah,http://a.espncdn.com/i/teamlogos/ncaa/500/2828.png,#57150B
Shepherd,http://a.espncdn.com/i/teamlogos/ncaa/500/2974.png,#041E42
Shippensburg,http://a.espncdn.com/i/teamlogos/ncaa/500/2559.png,#001541
Slippery Rock,http://a.espncdn.com/i/teamlogos/ncaa/500/215.png,#006951
South Carolina State,http://a.espncdn.com/i/teamlogos/ncaa/500/2569.png,#841A2B
South Dakota,http://a.espncdn.com/i/teamlogos/ncaa/500/233.png,#AD0000
South Dakota State,http://a.espncdn.com/i/teamlogos/ncaa/500/2571.png,#0032A0
Southeastern Louisiana,http://a.espncdn.com/i/teamlogos/ncaa/500/2545.png,#006341
Southeast Missouri State,http://a.espncdn.com/i/teamlogos/ncaa/500/2546.png,#C8102E
Southern,http://a.espncdn.com/i/teamlogos/ncaa/500/2582.png,#69B3E7
Southern Illinois,http://a.espncdn.com/i/teamlogos/ncaa/500/79.png,#720000
Southern Oregon,http://a.espncdn.com/i/teamlogos/ncaa/500/2584.png,#C8102E
Southern Utah,http://a.espncdn.com/i/teamlogos/ncaa/500/253.png,#C41425
St. Ambrose,http://a.espncdn.com/i/teamlogos/ncaa/500/2591.png,#1E3D7D
St. Cloud State,http://a.espncdn.com/i/teamlogos/ncaa/500/2594.png,#A10209
Stephen F. Austin,http://a.espncdn.com/i/teamlogos/ncaa/500/2617.png,#3F2A55
Stetson,http://a.espncdn.com/i/teamlogos/ncaa/500/56.png,#006747
St Francis (PA),http://a.espncdn.com/i/teamlogos/ncaa/500/2598.png,#BD1F25
St. Johns (MN),http://a.espncdn.com/i/teamlogos/ncaa/500/2600.png,#BE0F34
St. Lawrence,http://a.espncdn.com/i/teamlogos/ncaa/500/2779.png,#AF1E2D
Stony Brook,http://a.espncdn.com/i/teamlogos/ncaa/500/2619.png,#16243E
Stonehill,http://a.espncdn.com/i/teamlogos/ncaa/500/284.png,#582C83
St. Peter's,http://a.espncdn.com/i/teamlogos/ncaa/500/2612.png,#003C71
St. Thomas (MN),http://a.espncdn.com/i/teamlogos/ncaa/500/2900.png,#660099
Tarleton State,http://a.espncdn.com/i/teamlogos/ncaa/500/2627.png,#5A2B81
Tennessee State,http://a.espncdn.com/i/teamlogos/ncaa/500/2634.png,#00539F
Tennessee Tech,http://a.espncdn.com/i/teamlogos/ncaa/500/2635.png,#4F2984
Texas A&M-Commerce,http://a.espncdn.com/i/teamlogos/ncaa/500/2837.png,#F1B20F
Texas Southern,http://a.espncdn.com/i/teamlogos/ncaa/500/2640.png,#6F263D
The Citadel,http://a.espncdn.com/i/teamlogos/ncaa/500/2643.png,#3975B7
Towson,http://a.espncdn.com/i/teamlogos/ncaa/500/119.png,#000000
Trinity (IL),http://a.espncdn.com/i/teamlogos/ncaa/500/2652.png,#002B5E
Tuskegee,http://a.espncdn.com/i/teamlogos/ncaa/500/2657.png,#7B0707
UC Davis,http://a.espncdn.com/i/teamlogos/ncaa/500/302.png,#B3A369
UMass Dartmouth,http://a.espncdn.com/i/teamlogos/ncaa/500/379.png,#003764
UMass Lowell,http://a.espncdn.com/i/teamlogos/ncaa/500/2349.png,#0067B1
UT Martin,http://a.espncdn.com/i/teamlogos/ncaa/500/2630.png,#FF8200
Valdosta State,http://a.espncdn.com/i/teamlogos/ncaa/500/2673.png,#CC0000
Valparaiso,http://a.espncdn.com/i/teamlogos/ncaa/500/2674.png,#381E0E
Villanova,http://a.espncdn.com/i/teamlogos/ncaa/500/222.png,#002664
VMI,http://a.espncdn.com/i/teamlogos/ncaa/500/2678.png,#FFD619
Wagner,http://a.espncdn.com/i/teamlogos/ncaa/500/2681.png,#004331
Washington (MO),http://a.espncdn.com/i/teamlogos/ncaa/500/143.png,#A51417
Weber State,http://a.espncdn.com/i/teamlogos/ncaa/500/2692.png,#4B2682
West Alabama,http://a.espncdn.com/i/teamlogos/ncaa/500/2695.png,#AC1F2D
West Chester,http://a.espncdn.com/i/teamlogos/ncaa/500/223.png,#540E69
Western Carolina,http://a.espncdn.com/i/teamlogos/ncaa/500/2717.png,#592C88
Western Illinois,http://a.espncdn.com/i/teamlogos/ncaa/500/2710.png,#663399
Western Oregon,http://a.espncdn.com/i/teamlogos/ncaa/500/2848.png,#E31837
West Texas,http://a.espncdn.com/i/teamlogos/ncaa/500/2704.png,#6A1831
West Virginia Tech,http://a.espncdn.com/i/teamlogos/ncaa/500/2706.png,#002855
Wheaton,http://a.espncdn.com/i/teamlogos/ncaa/500/396.png,#00447C
William Jewell College,http://a.espncdn.com/i/teamlogos/ncaa/500/2911.png,#E4002B
William & Mary,http://a.espncdn.com/i/teamlogos/ncaa/500/2729.png,#115740
Winston-Salem,http://a.espncdn.com/i/teamlogos/ncaa/500/2736.png,#C8102E
Wisconsin-Platteville,http://a.espncdn.com/i/teamlogos/ncaa/500/272.png,#ff5800
Wofford,http://a.espncdn.com/i/teamlogos/ncaa/500/2747.png,#886E4C
Worcester State College,http://a.espncdn.com/i/teamlogos/ncaa/500/402.png,#003896
Wright State University,http://a.espncdn.com/i/teamlogos/ncaa/500/2750.png,#046A38
Yale,http://a.espncdn.com/i/teamlogos/ncaa/500/43.png,#00356B
Youngstown State,http://a.espncdn.com/i/teamlogos/ncaa/500/2754.png,#C8102E
Dixie State,http://a.espncdn.com/i/teamlogos/ncaa/500/3101.png,#16243A
Hofstra,http://a.espncdn.com/i/teamlogos/ncaa/500/2275.png,#003591
Northeastern,http://a.espncdn.com/i/teamlogos/ncaa/500/111.png,#D41B2C
Shorter,http://a.espncdn.com/i/teamlogos/ncaa/500/2560.png,#0068B3
University of Mary,http://a.espncdn.com/i/teamlogos/ncaa/500/559.png,#00539B
Fort Valley State,http://a.espncdn.com/i/teamlogos/ncaa/500/2232.png,#1D4F91
Tuskegee,http://a.espncdn.com/i/teamlogos/ncaa/500/2657.png,#7B0707
Va.-Lynchburg,http://a.espncdn.com/i/teamlogos/ncaa/500/2355.png,#303A55
Edward Waters,http://a.espncdn.com/i/teamlogos/ncaa/500/2206.png,#7B2683
Colorado Mesa,http://a.espncdn.com/i/teamlogos/ncaa/500/11.png,#860037
Carson-Newman,http://a.espncdn.com/i/teamlogos/ncaa/2105/2105.png,#FF671F
Ind. Wesleyan,http://a.espncdn.com/i/teamlogos/ncaa/2105/111756.png,#A6192E
Morehouse,http://a.espncdn.com/i/teamlogos/ncaa/2105/60.png,#A7A8A9
Lindenwood,http://a.espncdn.com/i/teamlogos/ncaa/2105/2815.png,#B5A36A
Webber Int'l,http://a.espncdn.com/i/teamlogos/ncaa/2105/2691.png,#00544D
Texas College,http://a.espncdn.com/i/teamlogos/ncaa/2105/2637.png,#E0A238
N'Western (IA),http://a.espncdn.com/i/teamlogos/ncaa/2105/2471.png,#A80000
Fla. Memorial,http://a.espncdn.com/i/teamlogos/ncaa/2105/125762.png,#24469A
Lincoln (CA),http://a.espncdn.com/i/teamlogos/ncaa/2105/124179.png,#960600
North American,http://a.espncdn.com/i/teamlogos/ncaa/2105/123086.png,#17297B
Clark Atlanta,http://a.espncdn.com/i/teamlogos/ncaa/2105/2805.png,#C8102E
Central State,http://a.espncdn.com/i/teamlogos/ncaa/2105/2119.png,#46132D
Allen,http://a.espncdn.com/i/teamlogos/ncaa/2105/2019.png,#025399
Lane,http://a.espncdn.com/i/teamlogos/ncaa/2105/2323.png,#C41B31
Albany State (GA),http://a.espncdn.com/i/teamlogos/ncaa/2105/2013.png,#0033A0
Miles,http://a.espncdn.com/i/teamlogos/ncaa/2105/2396.png,#671F75
Southwest Baptist,http://a.espncdn.com/i/teamlogos/ncaa/2105/2586.png,#472380
Southwest Minnesota State,http://a.espncdn.com/i/teamlogos/ncaa/2105/2587.png,#3A1807
Upper Iowa University,http://a.espncdn.com/i/teamlogos/ncaa/2105/389.png,#001f60
West Georgia,http://a.espncdn.com/i/teamlogos/ncaa/2105/2698.png,#0033A1
Little Rock,http://a.espncdn.com/i/teamlogos/ncaa/2105/124386.png,#3F2177
New Haven,http://a.espncdn.com/i/teamlogos/ncaa/2105/2441.png,#004B8D
Cumberland (TN),http://a.espncdn.com/i/teamlogos/ncaa/2105/2161.png,#98002E
Chadron St,http://a.espncdn.com/i/teamlogos/ncaa/2105/2123.png,#660033
Sul Ross State,http://a.espncdn.com/i/teamlogos/ncaa/2105/2834.png,#C70032
UT Rio Grande Valley,http://a.espncdn.com/i/teamlogos/ncaa/2105/292.png,#F05023
Fayetteville State,http://a.espncdn.com/i/teamlogos/ncaa/2105/2220.png,#0067B1
Thomas More,http://a.espncdn.com/i/teamlogos/ncaa/2105/2646.png,#00559F
Louisiana College,http://a.espncdn.com/i/teamlogos/ncaa/2105/2347.png,#0038A8
Langston,http://a.espncdn.com/i/teamlogos/ncaa/2105/2324.png,#1B3668
Lincoln (PA),http://a.espncdn.com/i/teamlogos/ncaa/2105/2339.png,#003366
Ferrum,http://a.espncdn.com/i/teamlogos/ncaa/2105/366.png,#998542
Warner University,http://a.espncdn.com/i/teamlogos/ncaa/2105/2683.png,#1A305B
Virginia St,http://a.espncdn.com/i/teamlogos/ncaa/2105/330.png,#1F3D7B
St. Anselm,http://a.espncdn.com/i/teamlogos/ncaa/2105/2830.png,#143E5F
Adrian,http://a.espncdn.com/i/teamlogos/ncaa/2105/2003.png,#000000
Virginia Union,http://a.espncdn.com/i/teamlogos/ncaa/2105/2676.png,#8F012D
Bowie State,http://a.espncdn.com/i/teamlogos/ncaa/2105/2075.png,#1D252C
West Liberty,http://a.espncdn.com/i/teamlogos/ncaa/2105/2699.png,#FFFFFF
Northeastern State,http://a.espncdn.com/i/teamlogos/ncaa/2105/196.png,#008265
ERSKINE,http://a.espncdn.com/i/teamlogos/ncaa/2105/101784.png,#B8A46A
BLUEFIELD,http://a.espncdn.com/i/teamlogos/ncaa/2105/495.png,#071D49
Kentucky Christian,http://a.espncdn.com/i/teamlogos/ncaa/2105/3077.png,#EB1927
Greensboro College,http://a.espncdn.com/i/teamlogos/ncaa/2105/2256.png,#007A53
Texas Wesleyan,http://a.espncdn.com/i/teamlogos/ncaa/2105/102626.png,#002460
Southern Connecticut State,http://a.espncdn.com/i/teamlogos/ncaa/2105/2583.png,#001489
Merchant Marine Academy,http://a.espncdn.com/i/teamlogos/ncaa/2105/2383.png,#093A88
Coast Guard,http://a.espncdn.com/i/teamlogos/ncaa/2105/2557.png,#CC0000
Johnson C Smith,http://a.espncdn.com/i/teamlogos/ncaa/2105/2304.png,#002D56
Frostburg State,http://a.espncdn.com/i/teamlogos/ncaa/2105/341.png,#BA0C2F
Springfield,http://a.espncdn.com/i/teamlogos/ncaa/2105/81.png,#862633
Johns Hopkins University,http://a.espncdn.com/i/teamlogos/ncaa/2105/118.png,#68ACE5
Susquehanna,http://a.espncdn.com/i/teamlogos/ncaa/2105/216.png,#FF6A14
Christopher Newport,http://a.espncdn.com/i/teamlogos/ncaa/2105/3112.png,#0039A6
Lagrange College,http://a.espncdn.com/i/teamlogos/ncaa/2105/548.png,#C4203C
Berry College,http://a.espncdn.com/i/teamlogos/ncaa/2105/2757.png,#00205B
Assumption,http://a.espncdn.com/i/teamlogos/ncaa/2105/2038.png,#005B99
Muhlenberg,http://a.espncdn.com/i/teamlogos/ncaa/2105/2422.png,#A2AAA4
University of Mount Union,http://a.espncdn.com/i/teamlogos/ncaa/2105/426.png,#661C78
Ashland,http://a.espncdn.com/i/teamlogos/ncaa/2105/308.png,#5C068C
Wartburg,http://a.espncdn.com/i/teamlogos/ncaa/2105/2685.png,#F58025
Chapman,http://a.espncdn.com/i/teamlogos/ncaa/2105/411.png,#862633
Wisconsin-River Falls,http://a.espncdn.com/i/teamlogos/ncaa/2105/2723.png,#C80F2E
Newberry,http://a.espncdn.com/i/teamlogos/ncaa/2105/2444.png,#ce0e2d
West Florida,http://a.espncdn.com/i/teamlogos/ncaa/2105/110242.png,#0072CE
Hanover College,http://a.espncdn.com/i/teamlogos/ncaa/2105/2262.png,#A6192E
North Central College,http://a.espncdn.com/i/teamlogos/ncaa/2105/3071.png,#ab3541
Coe College,http://a.espncdn.com/i/teamlogos/ncaa/2105/2141.png,#93282C
Bethel (MN),http://a.espncdn.com/i/teamlogos/ncaa/2105/2802.png,#002F5F
Pittsburg St,http://a.espncdn.com/i/teamlogos/ncaa/2105/90.png,#CC0C2F
Indianapolis,http://a.espncdn.com/i/teamlogos/ncaa/2105/2292.png,#9D2136
Western Colorado,http://a.espncdn.com/i/teamlogos/ncaa/2105/2714.png,#A71930
UT Permian Basin,http://a.espncdn.com/i/teamlogos/ncaa/2105/110243.png,#E35205
Salisbury,http://a.espncdn.com/i/teamlogos/ncaa/2105/2532.png,#8A0000
John Carroll University,http://a.espncdn.com/i/teamlogos/ncaa/2105/2302.png,#28334A
Saint John's (MN),http://a.espncdn.com/i/teamlogos/ncaa/2105/2600.png,#be0f34
Wisconsin-Lacrosse,http://a.espncdn.com/i/teamlogos/ncaa/2105/2740.png,#969799
Eastern University,http://a.espncdn.com/i/teamlogos/ncaa/2105/127954.png,#6F2C3F
Trinity University TX,http://a.espncdn.com/i/teamlogos/ncaa/2105/386.png,#723130
Depauw,http://a.espncdn.com/i/teamlogos/ncaa/2105/83.png,#111C24
Ohio Dominican,http://a.espncdn.com/i/teamlogos/ncaa/2105/2477.png,#000000
Concord,http://a.espncdn.com/i/teamlogos/ncaa/2105/2148.png,#6F263D
Winona State,http://a.espncdn.com/i/teamlogos/ncaa/2105/2851.png,#4B08A1
UVA Wise,http://a.espncdn.com/i/teamlogos/ncaa/2105/2842.png,#D21414
Glenville State,http://a.espncdn.com/i/teamlogos/ncaa/2105/2249.png,#003DA5
South Dakota Mines,http://a.espncdn.com/i/teamlogos/ncaa/2105/613.png,#002554
Lawrence Tech,http://a.espncdn.com/i/teamlogos/ncaa/2105/102071.png,#005fb8
St. Francis (IL),http://a.espncdn.com/i/teamlogos/ncaa/2105/2595.png,#543D27
Franklin Pierce,http://a.espncdn.com/i/teamlogos/ncaa/2105/112334.png,#6F1931
Tusculum,http://a.espncdn.com/i/teamlogos/ncaa/2105/2839.png,#f26724
Elizabeth City State,http://a.espncdn.com/i/teamlogos/ncaa/2105/2207.png,#0039A6
Chicago State,http://a.espncdn.com/i/teamlogos/ncaa/2105/2130.png,#115740
Bluefield State,http://a.espncdn.com/i/teamlogos/ncaa/500/124180.png,#13294B
Emory & Henry,http://a.espncdn.com/i/teamlogos/ncaa/500/2213.png,#1B3D75
Anderson (SC),http://a.espncdn.com/i/teamlogos/ncaa/500/129469.png,#010101
Fort Hays,http://a.espncdn.com/i/teamlogos/ncaa/500/2231.png,#F6BE00
Angelo State,http://a.espncdn.com/i/teamlogos/ncaa/500/2025.png,#245397
Fairmont State,http://a.espncdn.com/i/teamlogos/ncaa/500/2986.png,#6F263D
Davenport,http://a.espncdn.com/i/teamlogos/ncaa/500/110254.png,#D5160C
Georgetown College Kentucky,http://a.espncdn.com/i/teamlogos/ncaa/500/2245.png,#FF6600
Missouri Southern State,http://a.espncdn.com/i/teamlogos/ncaa/500/2403.png,#006338
Midwestern State,http://a.espncdn.com/i/teamlogos/ncaa/500/2395.png,#862633
Montclair State,http://a.espncdn.com/i/teamlogos/ncaa/500/2818.png,#D1190D
Northwood,http://a.espncdn.com/i/teamlogos/ncaa/500/2886.png,#093161
Wayne State (MI),http://a.espncdn.com/i/teamlogos/ncaa/500/131.png,#115E56
Westminster (PA),http://a.espncdn.com/i/teamlogos/ncaa/500/2849.png,#0C2340
Marietta,http://a.espncdn.com/i/teamlogos/ncaa/500/317.png,#00205B
Western New Mexico,http://a.espncdn.com/i/teamlogos/ncaa/500/2703.png,#42196F
Belhaven,http://a.espncdn.com/i/teamlogos/ncaa/500/2056.png,#1D3C34
Millsaps,http://a.espncdn.com/i/teamlogos/ncaa/500/2398.png,#330066
Mary Hardin Baylor,http://a.espncdn.com/i/teamlogos/ncaa/500/2371.png,#4F1F91
Methodist,http://a.espncdn.com/i/teamlogos/ncaa/500/291.png,#034D36
Alvernia,http://a.espncdn.com/i/teamlogos/ncaa/500/111674.png,#9B2743
Keystone,http://a.espncdn.com/i/teamlogos/ncaa/500/122774.png,#001680
Norwich,http://a.espncdn.com/i/teamlogos/ncaa/500/2467.png,#87212E
Salve Regina,http://a.espncdn.com/i/teamlogos/ncaa/500/2776.png,#005D55
Western New England,http://a.espncdn.com/i/teamlogos/ncaa/500/2702.png,#003082
Case Western Reserve,http://a.espncdn.com/i/teamlogos/ncaa/500/2963.png,#626262
Rochester (NY),http://a.espncdn.com/i/teamlogos/ncaa/500/184.png,#001E5F
Pace,http://a.espncdn.com/i/teamlogos/ncaa/500/2487.png,#00337F
Howard Payne,http://a.espncdn.com/i/teamlogos/ncaa/500/2758.png,#00205B
Pacific (OR),http://a.espncdn.com/i/teamlogos/ncaa/500/205.png,#000000
Elmhurst,http://a.espncdn.com/i/teamlogos/ncaa/500/72.png,#0C2340
Aurora,http://a.espncdn.com/i/teamlogos/ncaa/500/2044.png,#003591
Benedictine (IL),http://a.espncdn.com/i/teamlogos/ncaa/500/2283.png,#BA0C2F
UFTL,http://a.espncdn.com/i/teamlogos/ncaa/500/124110.png,
Lewis & Clark,http://a.espncdn.com/i/teamlogos/ncaa/500/2333.png,#F36F21
Dickinson,http://a.espncdn.com/i/teamlogos/ncaa/500/2175.png,#E31837
Kentucky Wesleyan,http://a.espncdn.com/i/teamlogos/ncaa/500/2316.png,#392082
Marian (IN),http://a.espncdn.com/i/teamlogos/ncaa/500/2366.png,#031E51
William Woods,http://a.espncdn.com/i/teamlogos/ncaa/500/129741.png,#124734
Andrew,http://a.espncdn.com/i/teamlogos/ncaa/500/134002.png,
Shaw,http://a.espncdn.com/i/teamlogos/ncaa/500/2551.png,#671333
Northwestern (OK),http://a.espncdn.com/i/teamlogos/ncaa/500/2823.png,#CC092F
Walsh,http://a.espncdn.com/i/teamlogos/ncaa/500/2682.png,#6D0020
Wayne State (NE),http://a.espncdn.com/i/teamlogos/ncaa/500/2844.png,#FBBF22
Jamestown,http://a.espncdn.com/i/teamlogos/ncaa/500/2939.png,#F2622B
Catawba,http://a.espncdn.com/i/teamlogos/ncaa/500/2107.png,#13294E
Gettysburg,http://a.espncdn.com/i/teamlogos/ncaa/500/2248.png,#E87722
W. Connecticut St.,http://a.espncdn.com/i/teamlogos/ncaa/500/2843.png,#FF4D00
Ithaca,http://a.espncdn.com/i/teamlogos/ncaa/500/175.png,#003B71
Delaware Valley,http://a.espncdn.com/i/teamlogos/ncaa/500/2808.png,#215732
FDU Florham,http://a.espncdn.com/i/teamlogos/ncaa/500/2221.png,#22324B
Hamline,http://a.espncdn.com/i/teamlogos/ncaa/500/162.png,#95021E
Carleton,http://a.espncdn.com/i/teamlogos/ncaa/500/2101.png,#0B5091
Wittenberg,http://a.espncdn.com/i/teamlogos/ncaa/500/2746.png,#C51F35
Linfield,http://a.espncdn.com/i/teamlogos/ncaa/500/203.png,#470A68
Wilmington (OH),http://a.espncdn.com/i/teamlogos/ncaa/500/2733.png,#024E43
Ohio Northern,http://a.espncdn.com/i/teamlogos/ncaa/500/427.png,#FF6600
Allegheny,http://a.espncdn.com/i/teamlogos/ncaa/500/2018.png,#0C2340
Gallaudet,http://a.espncdn.com/i/teamlogos/ncaa/500/417.png,#E8D4A2
East Texas Baptist,http://a.espncdn.com/i/teamlogos/ncaa/500/2194.png,#081F2C
Austin,http://a.espncdn.com/i/teamlogos/ncaa/500/2045.png,#9D2235
Buena Vista,http://a.espncdn.com/i/teamlogos/ncaa/500/63.png,#0C2340
Huntingdon,http://a.espncdn.com/i/teamlogos/ncaa/500/2938.png,#C8102E
Wisconsin Eau Claire,http://a.espncdn.com/i/teamlogos/ncaa/500/2738.png,#2B3E85
Trine,http://a.espncdn.com/i/teamlogos/ncaa/500/2651.png,#00305C
Luther,http://a.espncdn.com/i/teamlogos/ncaa/500/67.png,#004C97
North Greenville,http://a.espncdn.com/i/teamlogos/ncaa/500/2822.png,#D60036
Brevard,http://a.espncdn.com/i/teamlogos/ncaa/500/2913.png,#003A70
McDaniel,http://a.espncdn.com/i/teamlogos/ncaa/500/2700.png,#00674D
Hobart,http://a.espncdn.com/i/teamlogos/ncaa/500/174.png,#472663
Texas A&M-Kingsville,http://a.espncdn.com/i/teamlogos/ncaa/500/2658.png,#FCC01F
Ouachita Baptist,http://a.espncdn.com/i/teamlogos/ncaa/500/2888.png,#552988
Wheeling,http://a.espncdn.com/i/teamlogos/ncaa/500/112335.png,#E31937
Muskingum,http://a.espncdn.com/i/teamlogos/ncaa/500/332.png,#BF2037
Kalamazoo,http://a.espncdn.com/i/teamlogos/ncaa/500/126.png,#EC6820
Heidelberg,http://a.espncdn.com/i/teamlogos/ncaa/500/191.png,#FA4616
Adams State,http://a.espncdn.com/i/teamlogos/ncaa/500/2001.png,#124734
Plymouth State,http://a.espncdn.com/i/teamlogos/ncaa/500/2972.png,#135841
WI-Stevens Point,http://a.espncdn.com/i/teamlogos/ncaa/500/2743.png,#59178A
Ripon,http://a.espncdn.com/i/teamlogos/ncaa/500/2891.png,#C31D36
Concordia Chicago,http://a.espncdn.com/i/teamlogos/ncaa/500/2151.png,#9D2235
Eureka,http://a.espncdn.com/i/teamlogos/ncaa/500/101.png,#862633
Tufts,http://a.espncdn.com/i/teamlogos/ncaa/500/112.png,#3E8EDE
Middlebury,http://a.espncdn.com/i/teamlogos/ncaa/500/2394.png,#003882
Bowdoin,http://a.espncdn.com/i/teamlogos/ncaa/500/340.png,#000000
Williams,http://a.espncdn.com/i/teamlogos/ncaa/500/2731.png,#512698
Bates,http://a.espncdn.com/i/teamlogos/ncaa/500/121.png,#B30838
Hamilton,http://a.espncdn.com/i/teamlogos/ncaa/500/348.png,#002F86
VT St. Castleton,http://a.espncdn.com/i/teamlogos/ncaa/500/293.png,#00563B
Apprentice School,http://a.espncdn.com/i/teamlogos/ncaa/500/3111.png,#7D2248
Minot State,http://a.espncdn.com/i/teamlogos/ncaa/500/568.png,#006242
Baldwin Wallace,http://a.espncdn.com/i/teamlogos/ncaa/500/188.png,#4E3629
Phoenix,http://a.espncdn.com/i/teamlogos/ncaa/500/108358.png,
Northwestern (MN),http://a.espncdn.com/i/teamlogos/ncaa/500/583.png,#3D1A54
Reinhardt,http://a.espncdn.com/i/teamlogos/ncaa/500/2890.png,#003468
Oklahoma Panhandle,http://a.espncdn.com/i/teamlogos/ncaa/500/2824.png,#001F5B
Puget Sound,http://a.espncdn.com/i/teamlogos/ncaa/500/2508.png,#660000
Kean,http://a.espncdn.com/i/teamlogos/ncaa/500/2871.png,#003057
University of Rio Grande,http://a.espncdn.com/i/teamlogos/ncaa/500/131239.png,#B80000
SUNY Maritime,http://a.espncdn.com/i/teamlogos/ncaa/500/2951.png,#62082C
Central Oklahoma,http://a.espncdn.com/i/teamlogos/ncaa/500/2122.png,#003366
Monroe,http://a.espncdn.com/i/teamlogos/ncaa/500/134001.png,#16478E
Thomas,http://a.espncdn.com/i/teamlogos/ncaa/500/134000.png,#B52C1F
Barton,http://a.espncdn.com/i/teamlogos/ncaa/500/122666.png,#18468B
Central Missouri,http://a.espncdn.com/i/teamlogos/ncaa/500/2118.png,#CF202E
Washburn,http://a.espncdn.com/i/teamlogos/ncaa/500/2687.png,#002E5E
Augustana (SD),http://a.espncdn.com/i/teamlogos/ncaa/500/2043.png,#002D62
Sioux Falls,http://a.espncdn.com/i/teamlogos/ncaa/500/2894.png,#492F91
Fort Lewis,http://a.espncdn.com/i/teamlogos/ncaa/500/2237.png,#000066
Alfred,http://a.espncdn.com/i/teamlogos/ncaa/500/365.png,#550D8A
Hartwick,http://a.espncdn.com/i/teamlogos/ncaa/500/173.png,#0033A1
Westfield State,http://a.espncdn.com/i/teamlogos/ncaa/500/2909.png,#00247D
Hope,http://a.espncdn.com/i/teamlogos/ncaa/500/2812.png,#E35205
Alma,http://a.espncdn.com/i/teamlogos/ncaa/500/2800.png,#862633
Lakeland,http://a.espncdn.com/i/teamlogos/ncaa/500/6353.png,#0C233F
MIT,http://a.espncdn.com/i/teamlogos/ncaa/500/109.png,#A31F34
WPI,http://a.espncdn.com/i/teamlogos/ncaa/500/2749.png,#AC2B37
Capital,http://a.espncdn.com/i/teamlogos/ncaa/500/424.png,#330072
Randolph Macon,http://a.espncdn.com/i/teamlogos/ncaa/500/2516.png,#F9DC30
Hampden Sydney,http://a.espncdn.com/i/teamlogos/ncaa/500/297.png,#9D183D
Washington & Jefferson,http://a.espncdn.com/i/teamlogos/ncaa/500/2686.png,#A4343A
Bethany (WV),http://a.espncdn.com/i/teamlogos/ncaa/500/2062.png,#115740
Maryville (TN),http://a.espncdn.com/i/teamlogos/ncaa/500/2373.png,#640A28
Washington and Lee,http://a.espncdn.com/i/teamlogos/ncaa/500/2688.png,#003399
Minnesota Morris,http://a.espncdn.com/i/teamlogos/ncaa/500/2399.png,#8C1919
St. Olaf,http://a.espncdn.com/i/teamlogos/ncaa/500/133.png,#C7940D
Endicott,http://a.espncdn.com/i/teamlogos/ncaa/500/452.png,#00325B
Centenary (LA),http://a.espncdn.com/i/teamlogos/ncaa/500/101442.png,#8A2432
Nelson (TX),http://a.espncdn.com/i/teamlogos/ncaa/500/2904.png,#592C82
Augustana (IL),http://a.espncdn.com/i/teamlogos/ncaa/500/2042.png,#002F6C
Carthage,http://a.espncdn.com/i/teamlogos/ncaa/500/2106.png,#D72316
North Park,http://a.espncdn.com/i/teamlogos/ncaa/500/75.png,#0057A8
Franklin & Marshall,http://a.espncdn.com/i/teamlogos/ncaa/500/2234.png,#0035AD
Moravian,http://a.espncdn.com/i/teamlogos/ncaa/500/323.png,#00267A
Thiel,http://a.espncdn.com/i/teamlogos/ncaa/500/2644.png,#998643
Union,http://a.espncdn.com/i/teamlogos/ncaa/500/237.png,
Oklahoma Baptist,http://a.espncdn.com/i/teamlogos/ncaa/500/319.png,#007934
Arkansas Monticello,http://a.espncdn.com/i/teamlogos/ncaa/500/2028.png,#00965E
Madonna University (Mich.),http://a.espncdn.com/i/teamlogos/ncaa/500/127078.png,#003893
Olivet,http://a.espncdn.com/i/teamlogos/ncaa/500/354.png,#BD0034
Wisconsin Whitewater,http://a.espncdn.com/i/teamlogos/ncaa/500/2745.png,#502D7F
Dean,http://a.espncdn.com/i/teamlogos/ncaa/500/110438.png,#862633
Mass Maritime,http://a.espncdn.com/i/teamlogos/ncaa/500/110.png,#002066
Monmouth (IL),http://a.espncdn.com/i/teamlogos/ncaa/500/2919.png,#D3282F
Knox,http://a.espncdn.com/i/teamlogos/ncaa/500/255.png,#5B2B82
Grinnell,http://a.espncdn.com/i/teamlogos/ncaa/500/65.png,#DA291C
Gustavus Adolphus,http://a.espncdn.com/i/teamlogos/ncaa/500/2968.png,#FFCF00
St. Scholastica,http://a.espncdn.com/i/teamlogos/ncaa/500/375.png,#0033A0
Augsburg,http://a.espncdn.com/i/teamlogos/ncaa/500/124.png,#75263B
Martin Luther,http://a.espncdn.com/i/teamlogos/ncaa/500/446.png,#C8102E
Ohio Wesleyan,http://a.espncdn.com/i/teamlogos/ncaa/500/2980.png,#C51230
Willamette,http://a.espncdn.com/i/teamlogos/ncaa/500/2930.png,#98002E
Eastern Oregon,http://a.espncdn.com/i/teamlogos/ncaa/500/2202.png,#002855
Grove City,http://a.espncdn.com/i/teamlogos/ncaa/500/146.png,#DA291C
Otterbein,http://a.espncdn.com/i/teamlogos/ncaa/500/359.png,#E21B23
Guilford,http://a.espncdn.com/i/teamlogos/ncaa/500/2258.png,#862633
Roanoke College,http://a.espncdn.com/i/teamlogos/ncaa/500/131109.png,#AD1742
Mayville State,http://a.espncdn.com/i/teamlogos/ncaa/500/561.png,#0033A0
Rockford,http://a.espncdn.com/i/teamlogos/ncaa/500/2524.png,#522E91
SUNY Morrisville,http://a.espncdn.com/i/teamlogos/ncaa/500/3110.png,#004730
William Paterson,http://a.espncdn.com/i/teamlogos/ncaa/500/2970.png,#F06023
Point University,http://a.espncdn.com/i/teamlogos/ncaa/500/3179.png,#00407A
Valley City State,http://a.espncdn.com/i/teamlogos/ncaa/500/628.png,#810027
Central Methodist,http://a.espncdn.com/i/teamlogos/ncaa/500/2860.png,#006341
Westgate Christian University,http://a.espncdn.com/i/teamlogos/ncaa/500/134087.png,
Southeastern Oklahoma State,http://a.espncdn.com/i/teamlogos/ncaa/500/199.png,#0033A0
East Central,http://a.espncdn.com/i/teamlogos/ncaa/500/2191.png,#FF5200
Southern Arkansas,http://a.espncdn.com/i/teamlogos/ncaa/500/2568.png,#003DA5
Southwestern Oklahoma State,http://a.espncdn.com/i/teamlogos/ncaa/500/2927.png,#1B365D
Eastern New Mexico,http://a.espncdn.com/i/teamlogos/ncaa/500/2201.png,#006633
Missouri Western,http://a.espncdn.com/i/teamlogos/ncaa/500/137.png,#FFC700
Nebraska Kearney,http://a.espncdn.com/i/teamlogos/ncaa/500/2438.png,#004D86
Charleston (WV),http://a.espncdn.com/i/teamlogos/ncaa/500/2128.png,#992244
West Virginia Wesleyan,http://a.espncdn.com/i/teamlogos/ncaa/500/455.png,#FF4C00
Post,http://a.espncdn.com/i/teamlogos/ncaa/500/126086.png,#5E2750
CSU Pueblo,http://a.espncdn.com/i/teamlogos/ncaa/500/2570.png,#00396A
Central College,http://a.espncdn.com/i/teamlogos/ncaa/500/2964.png,#E4002B
Curry,http://a.espncdn.com/i/teamlogos/ncaa/500/40.png,#462C8D
Maine Maritime,http://a.espncdn.com/i/teamlogos/ncaa/500/274.png,#005EAE
New England,http://a.espncdn.com/i/teamlogos/ncaa/500/111675.png,#003882
Bluffton,http://a.espncdn.com/i/teamlogos/ncaa/500/2074.png,#512D6D
Wilkes,http://a.espncdn.com/i/teamlogos/ncaa/500/398.png,#002855
Buffalo State,http://a.espncdn.com/i/teamlogos/ncaa/500/2085.png,#CC6600
Lebanon Valley,http://a.espncdn.com/i/teamlogos/ncaa/500/388.png,#00305C
Chicago,http://a.espncdn.com/i/teamlogos/ncaa/500/80.png,#800000
Illinois College,http://a.espncdn.com/i/teamlogos/ncaa/500/2286.png,#004A77
Cornell (IA),http://a.espncdn.com/i/teamlogos/ncaa/500/2155.png,#523178
Concordia (MN),http://a.espncdn.com/i/teamlogos/ncaa/500/2152.png,#7D0042
Centre,http://a.espncdn.com/i/teamlogos/ncaa/500/2121.png,#FFCC00
Southern Virginia,http://a.espncdn.com/i/teamlogos/ncaa/500/2896.png,#9E1B32
Nichols,http://a.espncdn.com/i/teamlogos/ncaa/500/2884.png,#007A5F
Nebraska Wesleyan,http://a.espncdn.com/i/teamlogos/ncaa/500/6845.png,#AA985D
Hardin Simmons,http://a.espncdn.com/i/teamlogos/ncaa/500/2810.png,#581483
Southwestern U,http://a.espncdn.com/i/teamlogos/ncaa/500/2588.png,#000000
Crown,http://a.espncdn.com/i/teamlogos/ncaa/500/509.png,#3C1053
Simpson (IA),http://a.espncdn.com/i/teamlogos/ncaa/500/2564.png,#931A29
Loras,http://a.espncdn.com/i/teamlogos/ncaa/500/263.png,#442D7D
Wisconsin Stout,http://a.espncdn.com/i/teamlogos/ncaa/500/2744.png,#012169
Schreiner,http://a.espncdn.com/i/teamlogos/ncaa/500/102549.png,#581515
Carnegie Mellon,http://a.espncdn.com/i/teamlogos/ncaa/500/2102.png,#990000
Ursinus,http://a.espncdn.com/i/teamlogos/ncaa/500/2667.png,#98012E
Brockport,http://a.espncdn.com/i/teamlogos/ncaa/500/2781.png,#00533E
Utica,http://a.espncdn.com/i/teamlogos/ncaa/500/390.png,#0C223F
Alfred State,http://a.espncdn.com/i/teamlogos/ncaa/500/3162.png,#003C71
Rensselaer,http://a.espncdn.com/i/teamlogos/ncaa/500/2528.png,#E2231B
Southern Nazarene,http://a.espncdn.com/i/teamlogos/ncaa/500/200.png,#891717
Lincoln (MO),http://a.espncdn.com/i/teamlogos/ncaa/500/2876.png,#102548
Missouri S&T,http://a.espncdn.com/i/teamlogos/ncaa/500/2402.png,#154734
Lake Erie,http://a.espncdn.com/i/teamlogos/ncaa/500/437.png,#113D2A
Mount St Joseph,http://a.espncdn.com/i/teamlogos/ncaa/500/2419.png,#003366
Bridgewater State,http://a.espncdn.com/i/teamlogos/ncaa/500/18.png,#A6192E
Widener,http://a.espncdn.com/i/teamlogos/ncaa/500/2725.png,#0057B8
Albright,http://a.espncdn.com/i/teamlogos/ncaa/500/2015.png,#BA0C2F
King's,http://a.espncdn.com/i/teamlogos/ncaa/500/247.png,#001C7D
Lake Forest,http://a.espncdn.com/i/teamlogos/ncaa/500/262.png,#C8102E
Beloit,http://a.espncdn.com/i/teamlogos/ncaa/500/266.png,#003865
Mount Mercy,http://a.espncdn.com/i/teamlogos/ncaa/500/133688.png,#003768
Greenville,http://a.espncdn.com/i/teamlogos/ncaa/500/2257.png,#E35205
Macalester,http://a.espncdn.com/i/teamlogos/ncaa/500/2359.png,#01426A
Wesleyan (CT),http://a.espncdn.com/i/teamlogos/ncaa/500/336.png,#D72121
Wooster,http://a.espncdn.com/i/teamlogos/ncaa/500/2748.png,#F7BE15
Hiram,http://a.espncdn.com/i/teamlogos/ncaa/500/2274.png,#003A70
Northern State,http://a.espncdn.com/i/teamlogos/ncaa/500/425.png,#990033
Pomona Pitzer,http://a.espncdn.com/i/teamlogos/ncaa/500/2923.png,#20438F
Geneva,http://a.espncdn.com/i/teamlogos/ncaa/500/2242.png,#89734C
Saint Vincent,http://a.espncdn.com/i/teamlogos/ncaa/500/2614.png,#1E5632
Simpson (CA),http://a.espncdn.com/i/teamlogos/ncaa/500/129758.png,#C8102E
Cetys University,http://a.espncdn.com/i/teamlogos/ncaa/500/134180.png,
Saint Xavier (IL),http://a.espncdn.com/i/teamlogos/ncaa/500/130180.png,#B20838
Concordia,http://a.espncdn.com/i/teamlogos/ncaa/500/130322.png,
St. Norbert,http://a.espncdn.com/i/teamlogos/ncaa/500/2832.png,#1A472B
Concordia (WI),http://a.espncdn.com/i/teamlogos/ncaa/500/409.png,#005596
Roosevelt,http://a.espncdn.com/i/teamlogos/ncaa/500/127991.png,#008752
West Virginia State,http://a.espncdn.com/i/teamlogos/ncaa/500/2707.png,#C99700
George Fox,http://a.espncdn.com/i/teamlogos/ncaa/500/415.png,#081E3F
Whitworth,http://a.espncdn.com/i/teamlogos/ncaa/500/2721.png,#C22033
Franklin,http://a.espncdn.com/i/teamlogos/ncaa/500/2233.png,#FFD100
Rocky Mountain,http://a.espncdn.com/i/teamlogos/ncaa/500/2826.png,#005A2D
Wayland Baptist,http://a.espncdn.com/i/teamlogos/ncaa/500/630.png,#004A8D
Chowan,http://a.espncdn.com/i/teamlogos/ncaa/500/2804.png,#003087
Quincy,http://a.espncdn.com/i/teamlogos/ncaa/500/2825.png,#581E00
Truman State,http://a.espncdn.com/i/teamlogos/ncaa/500/2654.png,#510C76
Tiffin,http://a.espncdn.com/i/teamlogos/ncaa/500/2838.png,#154734
Findlay,http://a.espncdn.com/i/teamlogos/ncaa/500/2224.png,#F47920
Emporia State,http://a.espncdn.com/i/teamlogos/ncaa/500/2214.png,#BB8D0A
Concordia St. Paul,http://a.espncdn.com/i/teamlogos/ncaa/500/3066.png,#002F65
Black Hills State,http://a.espncdn.com/i/teamlogos/ncaa/500/2069.png,#006233
Colorado School of Mines,http://a.espncdn.com/i/teamlogos/ncaa/500/2146.png,#21314D
Wingate,http://a.espncdn.com/i/teamlogos/ncaa/500/351.png,#00205B
New England College,http://a.espncdn.com/i/teamlogos/ncaa/500/131108.png,#000F30
Millikin,http://a.espncdn.com/i/teamlogos/ncaa/500/74.png,#113C61
Illinois Wesleyan,http://a.espncdn.com/i/teamlogos/ncaa/500/306.png,#006747
SUNY Cortland,http://a.espncdn.com/i/teamlogos/ncaa/500/2782.png,#B91000
Hilbert,http://a.espncdn.com/i/teamlogos/ncaa/500/125974.png,#0071CE
Catholic,http://a.espncdn.com/i/teamlogos/ncaa/500/2108.png,#990000
Lycoming,http://a.espncdn.com/i/teamlogos/ncaa/500/2354.png,#00305C
Fitchburg State,http://a.espncdn.com/i/teamlogos/ncaa/500/114.png,#00563F
Framingham State,http://a.espncdn.com/i/teamlogos/ncaa/500/2967.png,#EBAB00
Calvin,http://a.espncdn.com/i/teamlogos/ncaa/500/129738.png,#93282C
Kenyon,http://a.espncdn.com/i/teamlogos/ncaa/500/352.png,#4B2E84
Westminster (MO),http://a.espncdn.com/i/teamlogos/ncaa/500/433.png,#002F56
Husson,http://a.espncdn.com/i/teamlogos/ncaa/500/2280.png,#004C45
Averett,http://a.espncdn.com/i/teamlogos/ncaa/500/2047.png,#0C2340
Hendrix,http://a.espncdn.com/i/teamlogos/ncaa/500/418.png,#010101
McMurry,http://a.espncdn.com/i/teamlogos/ncaa/500/241.png,#6F1830
Dubuque,http://a.espncdn.com/i/teamlogos/ncaa/500/49.png,#002D72
Wisconsin Oshkosh,http://a.espncdn.com/i/teamlogos/ncaa/500/271.png,#FFCC00
Texas Lutheran,http://a.espncdn.com/i/teamlogos/ncaa/500/2639.png,#EAAB00
UNC Pembroke,http://a.espncdn.com/i/teamlogos/ncaa/500/2882.png,#A67F31
Livingstone,http://a.espncdn.com/i/teamlogos/ncaa/500/2940.png,#86B0C6
St. John Fisher,http://a.espncdn.com/i/teamlogos/ncaa/500/374.png,#993333
Elgin,http://a.espncdn.com/i/teamlogos/ncaa/500/122775.png,#172955
Hillsdale,http://a.espncdn.com/i/teamlogos/ncaa/500/2273.png,#004678
Rose Hulman,http://a.espncdn.com/i/teamlogos/ncaa/500/86.png,#741415
Manchester,http://a.espncdn.com/i/teamlogos/ncaa/500/2362.png,#E0CC61
Albion,http://a.espncdn.com/i/teamlogos/ncaa/500/2790.png,#512D6D
TCNJ,http://a.espncdn.com/i/teamlogos/ncaa/500/2442.png,#154A7C
Juniata,http://a.espncdn.com/i/teamlogos/ncaa/500/246.png,#1B365D
Stevenson,http://a.espncdn.com/i/teamlogos/ncaa/500/471.png,#004E42
Misericordia,http://a.espncdn.com/i/teamlogos/ncaa/500/2969.png,#0168B3
Lawrence,http://a.espncdn.com/i/teamlogos/ncaa/500/268.png,#003D6A
Lyon,http://a.espncdn.com/i/teamlogos/ncaa/500/101161.png,#001E51
Wisconsin Lutheran,http://a.espncdn.com/i/teamlogos/ncaa/500/2741.png,#006643
Trinity (CT),http://a.espncdn.com/i/teamlogos/ncaa/500/2977.png,#00305C
Oberlin,http://a.espncdn.com/i/teamlogos/ncaa/500/391.png,#CF102D
Denison,http://a.espncdn.com/i/teamlogos/ncaa/500/2171.png,#A6192E
Wabash,http://a.espncdn.com/i/teamlogos/ncaa/500/89.png,#EC1C2C
Pacific Lutheran,http://a.espncdn.com/i/teamlogos/ncaa/500/2486.png,#FBBA37
Cal Lutheran,http://a.espncdn.com/i/teamlogos/ncaa/500/2094.png,#2E1A47
Lewis-Clark Valley College,http://a.espncdn.com/i/teamlogos/ncaa/500/134423.png,#003865
La Verne,http://a.espncdn.com/i/teamlogos/ncaa/500/2318.png,#2C5234
North Carolina Wesleyan,http://a.espncdn.com/i/teamlogos/ncaa/500/286.png,#0F4D76
Lackawanna,http://a.espncdn.com/i/teamlogos/ncaa/500/132714.png,
Waynesburg,http://a.espncdn.com/i/teamlogos/ncaa/500/2845.png,#B95205
Whittier,http://a.espncdn.com/i/teamlogos/ncaa/500/2850.png,#661C78
Azusa Pacific,http://a.espncdn.com/i/teamlogos/ncaa/500/2049.png,#990000
Keiser (Fl),http://a.espncdn.com/i/teamlogos/ncaa/500/127230.png,#0D295E
Rhodes,http://a.espncdn.com/i/teamlogos/ncaa/500/2519.png,#C4022B
Sewanee,http://a.espncdn.com/i/teamlogos/ncaa/500/2553.png,#582C83
